<?xml version="1.0" encoding="UTF-8"?>
<project-private xmlns="http://www.netbeans.org/ns/project-private/1">
    <editor-bookmarks xmlns="http://www.netbeans.org/ns/editor-bookmarks/2" lastBookmarkId="0"/>
    <open-files xmlns="http://www.netbeans.org/ns/projectui-open-files/2">
        <group>
            <file>file:/C:/Users/Felipe/Documents/NetBeansProjects/Sistema-de-Gerenciamento-Doce-Pimenta/Sistema-de-Gerenciamento-Doce-Pimenta/src/VIEW/FrmCadastroProduto.java</file>
            <file>file:/C:/Users/Felipe/Documents/NetBeansProjects/Sistema-de-Gerenciamento-Doce-Pimenta/Sistema-de-Gerenciamento-Doce-Pimenta/src/VIEW/frmFornecedorVIEW.java</file>
            <file>file:/C:/Users/Felipe/Documents/NetBeansProjects/Sistema-de-Gerenciamento-Doce-Pimenta/Sistema-de-Gerenciamento-Doce-Pimenta/src/VIEW/FrmEstoque.java</file>
            <file>file:/C:/Users/Felipe/Documents/NetBeansProjects/Sistema-de-Gerenciamento-Doce-Pimenta/Sistema-de-Gerenciamento-Doce-Pimenta/src/VIEW/frmCadastroDeItensVendidos.java</file>
            <file>file:/C:/Users/Felipe/Documents/NetBeansProjects/Sistema-de-Gerenciamento-Doce-Pimenta/Sistema-de-Gerenciamento-Doce-Pimenta/src/VIEW/frmEntradaEstoqueVIEW.java</file>
        </group>
    </open-files>
</project-private>
